Date,Short Volume,Total Volume
4/3/2014,88778,216453
4/4/2014,87592,202214
4/7/2014,60576,127452
4/8/2014,71461,144122
4/9/2014,52226,106693
4/10/2014,68528,118084
4/11/2014,60500,98827
4/14/2014,61146,91688
4/15/2014,60930,142060
4/16/2014,97369,178677
4/17/2014,118589,223325
4/21/2014,37671,81286
4/22/2014,32737,79177
4/23/2014,33145,60158
4/24/2014,41549,77698
4/25/2014,48805,98828
4/28/2014,76380,140327
4/29/2014,41545,90063
4/30/2014,35216,86644
5/1/2014,39386,83573
5/2/2014,39291,81311
5/5/2014,20964,57411
5/6/2014,35559,71082
5/7/2014,67500,114366
5/8/2014,86571,143743
5/9/2014,64388,111601
5/12/2014,38778,69778
5/13/2014,52809,106580
5/14/2014,32138,50759
5/15/2014,60675,103941
5/16/2014,48988,79830
5/19/2014,41386,100530
5/20/2014,50476,92507
5/21/2014,54669,77349
5/22/2014,53251,87295
5/23/2014,85321,131951
5/27/2014,54648,99932
5/28/2014,48716,75024
5/29/2014,40006,76110
5/30/2014,41834,81721
6/2/2014,39732,72209
6/3/2014,42653,80793
6/4/2014,76317,120955
6/5/2014,44604,90390
6/6/2014,30369,66768
6/9/2014,40112,67260
6/10/2014,44102,73209
6/11/2014,42058,74818
6/12/2014,39018,73768
6/13/2014,42057,68596
6/16/2014,48941,79280
6/17/2014,24984,56483
6/18/2014,49001,105852
6/19/2014,82038,149924
6/20/2014,53449,100807
6/23/2014,36430,71364
6/24/2014,55028,114531
6/25/2014,45513,95364
6/26/2014,48951,93384
6/27/2014,34394,54467
6/30/2014,29575,49405
7/1/2014,37029,64223
7/2/2014,17757,35515
7/3/2014,26118,50430
7/7/2014,18727,40270
7/8/2014,39383,78449
7/9/2014,32865,61885
7/10/2014,37364,64680
7/11/2014,36709,77497
7/14/2014,47781,80588
7/15/2014,39216,61343
7/16/2014,32847,54739
7/17/2014,56807,96251
7/18/2014,117819,181448
7/21/2014,37932,77498
7/22/2014,41951,84731
7/23/2014,27997,46131
7/24/2014,22266,50247
7/25/2014,19794,45021
7/28/2014,20605,46272
7/29/2014,18622,40225
7/30/2014,23500,49918
7/31/2014,41327,86250
8/1/2014,44143,86098
8/4/2014,41662,62734
8/5/2014,49076,69287
8/6/2014,27465,49379
8/7/2014,26359,51963
8/8/2014,33978,63185
8/11/2014,22871,42619
8/12/2014,24883,40199
8/13/2014,44992,81480
8/14/2014,29396,42233
8/15/2014,36961,62976
8/18/2014,22081,41660
8/19/2014,20185,34985
8/20/2014,15392,26882
8/21/2014,17518,43754
8/22/2014,25546,36935
8/25/2014,24440,46054
8/26/2014,20643,42169
8/27/2014,28475,45860
8/28/2014,27514,41437
8/29/2014,19887,35473
9/2/2014,28565,43876
9/3/2014,30346,62346
9/4/2014,40576,70643
9/5/2014,37899,65971
9/8/2014,47754,72753
9/9/2014,34991,57175
9/10/2014,19627,28708
9/11/2014,33074,60808
9/12/2014,42502,75273
9/15/2014,28898,56098
9/16/2014,26225,51257
9/17/2014,29516,64405
9/18/2014,30939,52178
9/19/2014,67635,113153
9/22/2014,34923,57276
9/23/2014,22220,39195
9/24/2014,33620,66362
9/25/2014,34523,50877
9/26/2014,31279,45184
9/29/2014,25884,39716
9/30/2014,27578,42543
10/1/2014,26603,43041
10/2/2014,26632,52948
10/3/2014,21172,41747
10/6/2014,18890,34095
10/7/2014,26635,45450
10/8/2014,44134,86163
10/9/2014,43676,84843
10/10/2014,66549,129350
10/13/2014,87674,132856
10/14/2014,59269,109247
10/15/2014,102758,154191
10/16/2014,78303,127390
10/17/2014,148524,246992
10/20/2014,48631,75283
10/21/2014,37965,75377
10/22/2014,43911,85326
10/23/2014,35132,66387
10/24/2014,55067,90349
10/27/2014,17519,42482
10/28/2014,34166,61433
10/29/2014,36086,58039
10/30/2014,23591,49485
10/31/2014,54727,89925
11/3/2014,21359,47978
11/4/2014,26419,48573
11/5/2014,33029,56133
11/6/2014,27660,59991
11/7/2014,30582,62986
11/10/2014,21899,40528
11/11/2014,22023,35577
11/12/2014,19442,35582
11/13/2014,35564,58720
11/14/2014,35438,57338
11/17/2014,26088,55064
11/18/2014,20649,53428
11/19/2014,19748,45595
11/20/2014,23991,45946
11/21/2014,30439,59613
11/24/2014,26032,48385
11/25/2014,22984,50402
11/26/2014,26068,42656
11/28/2014,14227,24950
12/1/2014,24762,45833
12/2/2014,35858,71485
12/3/2014,28055,58958
12/4/2014,26400,59922
12/5/2014,38460,129612
12/8/2014,42969,115243
12/9/2014,38559,88237
12/10/2014,33134,79035
12/11/2014,37888,76485
12/12/2014,37862,80530
12/15/2014,41204,94082
12/16/2014,61828,132436
12/17/2014,35318,106146
12/18/2014,42186,111416
12/19/2014,64851,132259
12/22/2014,81384,187443
12/23/2014,64744,141608
12/24/2014,15736,29002
12/26/2014,21495,41111
12/29/2014,15589,37653
12/30/2014,13092,35067
12/31/2014,17364,29181
1/2/2015,19770,39359
1/5/2015,36637,61361
1/6/2015,54623,94646
1/7/2015,46019,78935
1/8/2015,44508,97348
1/9/2015,34287,77736
1/12/2015,51445,109696
1/13/2015,50979,96200
1/14/2015,54929,98013
1/15/2015,59989,89921
1/16/2015,54677,99446
1/20/2015,44691,84825
1/21/2015,49678,86658
1/22/2015,60390,125782
1/23/2015,77051,157127
1/26/2015,36242,76269
1/27/2015,39686,73731
1/28/2015,49267,82725
1/29/2015,85383,153619
1/30/2015,137460,234144
2/2/2015,76676,131629
2/3/2015,67735,107980
2/4/2015,32373,51433
2/5/2015,37206,69118
2/6/2015,40046,80885
2/9/2015,31518,72468
2/10/2015,43621,80877
2/11/2015,36606,88442
2/12/2015,50957,100802
2/13/2015,62224,103543
2/17/2015,35441,71960
2/18/2015,26140,59911
2/19/2015,33600,62574
2/20/2015,53329,102656
2/23/2015,41423,81466
2/24/2015,28985,65923
2/25/2015,57205,94467
2/26/2015,61585,105221
2/27/2015,99951,156134
3/2/2015,79671,138297
3/3/2015,59312,97547
3/4/2015,40524,65737
3/5/2015,40407,71512
3/6/2015,47558,63486
3/9/2015,29908,58282
3/10/2015,54433,86746
3/11/2015,48589,80235
3/12/2015,29691,78298
3/13/2015,57117,82686
3/16/2015,52620,75859
3/17/2015,28858,53948
3/18/2015,47121,74787
3/19/2015,32596,53625
3/20/2015,43358,73597
3/23/2015,27979,46421
3/24/2015,81322,135280
3/25/2015,82027,113745
3/26/2015,76338,112448
3/27/2015,53835,77639
3/30/2015,32920,52888
3/31/2015,41641,66043
4/1/2015,44469,70756
4/2/2015,70726,114290
4/6/2015,41894,81160
4/7/2015,35618,60591
4/8/2015,26865,53605
4/9/2015,34020,58775
4/10/2015,37517,69375
4/13/2015,36348,60463
4/14/2015,48201,83395
4/15/2015,51122,111342
4/16/2015,34204,66545
4/17/2015,45165,83685
4/20/2015,47929,90059
4/21/2015,37658,57342
4/22/2015,31315,53587
4/23/2015,88741,135272
4/24/2015,113776,187787
4/27/2015,43970,69788
4/28/2015,36341,78955
4/29/2015,33280,56601
4/30/2015,42878,73092
5/1/2015,47066,68333
5/4/2015,32169,53982
5/5/2015,38325,61079
5/6/2015,62846,86685
5/7/2015,50034,80022
5/8/2015,32490,49809
5/11/2015,14941,24631
5/12/2015,28140,51792
5/13/2015,21998,48072
5/14/2015,31634,57453
5/15/2015,41606,65272
5/18/2015,33593,45129
5/19/2015,51531,92152
5/20/2015,35496,55329
5/21/2015,35841,62067
5/22/2015,30544,54674
5/26/2015,41544,64832
5/27/2015,26884,53344
5/28/2015,27407,49175
5/29/2015,71747,108924
6/1/2015,35881,63870
6/2/2015,36855,60336
6/3/2015,28900,44317
6/4/2015,19158,34869
6/5/2015,25743,39384
6/8/2015,24553,40600
6/9/2015,23221,51171
6/10/2015,24935,47789
6/11/2015,18460,37518
6/12/2015,21378,35401
6/15/2015,23082,36370
6/16/2015,26257,42448
6/17/2015,39134,51592
6/18/2015,51713,73103
6/19/2015,37245,59653
6/22/2015,41685,60023
6/23/2015,45019,61727
6/24/2015,20530,36485
6/25/2015,26047,45016
6/26/2015,39361,56385
6/29/2015,34619,54133
6/30/2015,42828,65762
7/1/2015,46440,62852
7/2/2015,59632,72821
7/6/2015,31676,40980
7/7/2015,45656,59580
7/8/2015,45542,63786
7/9/2015,34914,52082
7/10/2015,55185,87881
7/13/2015,54307,77556
7/14/2015,60490,102185
7/15/2015,34022,66700
7/16/2015,87126,164764
7/17/2015,275325,424650
7/20/2015,88727,137393
7/21/2015,81580,124968
7/22/2015,76533,138856
7/23/2015,79521,157733
7/24/2015,76357,132156
7/27/2015,60003,117300
7/28/2015,36064,74038
7/29/2015,33002,65592
7/30/2015,42468,69868
7/31/2015,29080,59536
8/3/2015,26300,41879
8/4/2015,31302,44144
8/5/2015,39384,65819
8/6/2015,39901,72250
8/7/2015,25700,39347
8/10/2015,25816,64310
8/11/2015,96439,149373
8/12/2015,58818,106340
8/13/2015,32119,62287
8/14/2015,23836,47787
8/17/2015,30718,45554
8/18/2015,18188,39832
8/19/2015,51898,87471
8/20/2015,42226,63627
8/21/2015,113198,165813
8/24/2015,158275,249972
8/25/2015,71984,121378
8/26/2015,75374,147836
8/27/2015,61678,90103
8/28/2015,47417,91926
8/31/2015,48153,75546
9/1/2015,61273,84225
9/2/2015,31786,46347
9/3/2015,39722,67610
9/4/2015,45491,64575
9/8/2015,38580,73870
9/9/2015,51504,74790
9/10/2015,31730,51246
9/11/2015,35367,51581
9/14/2015,32037,62792
9/15/2015,30989,58675
9/16/2015,21998,35439
9/17/2015,63195,89203
9/18/2015,54274,87770
9/21/2015,34568,50565
9/22/2015,52579,76763
9/23/2015,35585,52896
9/24/2015,33616,58345
9/25/2015,39445,87059
9/28/2015,41855,86579
9/29/2015,39900,80024
9/30/2015,52343,80612
10/1/2015,38190,70851
10/2/2015,61131,83561
10/5/2015,40448,61994
10/6/2015,41405,72041
10/7/2015,51585,89075
10/8/2015,39135,72244
10/9/2015,37229,70065
10/12/2015,23417,46955
10/13/2015,47376,79712
10/14/2015,37773,55023
10/15/2015,55538,73659
10/16/2015,29791,46478
10/19/2015,26161,43073
10/20/2015,39201,85731
10/21/2015,29854,76650
10/22/2015,54131,132869
10/23/2015,139153,209213
10/26/2015,48056,75406
10/27/2015,43080,55122
10/28/2015,28617,54654
10/29/2015,44000,63418
10/30/2015,37788,68260
11/2/2015,33586,62982
11/3/2015,28656,57411
11/4/2015,40018,70556
11/5/2015,54519,71904
11/6/2015,41621,77059
11/9/2015,49339,72231
11/10/2015,43064,56828
11/11/2015,64153,111990
11/12/2015,59457,107375
11/13/2015,85443,143861
11/16/2015,86099,150563
11/17/2015,43684,79314
11/18/2015,41397,86396
11/19/2015,52218,80385
11/20/2015,106362,165386
11/23/2015,43062,91224
11/24/2015,62104,120934
11/25/2015,24765,46550
11/27/2015,28486,43030
11/30/2015,42701,81708
12/1/2015,58288,110989
12/2/2015,54995,118716
12/3/2015,55145,102498
12/4/2015,59058,115712
12/7/2015,65300,155584
12/8/2015,40750,74100
12/9/2015,79337,150720
12/10/2015,44300,84215
12/11/2015,79650,126712
12/14/2015,79831,155654
12/15/2015,64691,139797
12/16/2015,106397,154791
12/17/2015,69075,101749
12/18/2015,101976,151727
12/21/2015,74352,108977
12/22/2015,59112,86138
12/23/2015,38127,67145
12/24/2015,15666,23265
12/28/2015,57194,77461
12/29/2015,72990,102956
12/30/2015,42355,62661
12/31/2015,58641,89335
1/4/2016,104368,159429
1/5/2016,65822,105016
1/6/2016,77505,131454
1/7/2016,118405,176511
1/8/2016,72752,111299
1/11/2016,78981,119289
1/12/2016,116733,150310
1/13/2016,107241,154942
1/14/2016,82996,133516
1/15/2016,102511,173669
1/19/2016,97946,147184
1/20/2016,191376,261740
1/21/2016,142310,190160
1/22/2016,127684,194852
1/25/2016,80246,116290
1/26/2016,68803,95495
1/27/2016,66382,102750
1/28/2016,129505,199258
1/29/2016,120655,200862
2/1/2016,106029,189427
2/2/2016,267908,392450
2/3/2016,238024,363508
2/4/2016,132406,240070
2/5/2016,200174,320466
2/8/2016,132163,226751
2/9/2016,174148,298473
2/10/2016,130319,231291
2/11/2016,135726,222661
2/12/2016,80189,144007
2/16/2016,74810,126949
2/17/2016,90176,157589
2/18/2016,59013,129591
2/19/2016,58907,98146
2/22/2016,53738,99805
2/23/2016,85194,126601
2/24/2016,58582,95106
2/25/2016,72975,115806
2/26/2016,86143,153719
2/29/2016,78905,130258
3/1/2016,115153,178321
3/2/2016,62015,120966
3/3/2016,82563,149460
3/4/2016,97510,177373
3/7/2016,107387,196379
3/8/2016,74737,149544
3/9/2016,87787,130892
3/10/2016,123484,181420
3/11/2016,97108,142567
3/14/2016,61625,92100
3/15/2016,55362,88941
3/16/2016,66954,101141
3/17/2016,91441,135047
3/18/2016,88179,136468
3/21/2016,54342,95741
3/22/2016,36558,61463
3/23/2016,55077,87553
3/24/2016,56956,100543
3/28/2016,38532,74062
3/29/2016,56008,104108
3/30/2016,69708,110830
3/31/2016,58371,111278
4/1/2016,70430,116205
4/4/2016,57006,82742
4/5/2016,61295,83600
4/6/2016,50631,75130
4/7/2016,55694,81206
4/8/2016,43723,71272
4/11/2016,62433,98999
4/12/2016,72399,118152
4/13/2016,77613,118677
4/14/2016,58340,95260
4/15/2016,73866,108995
4/18/2016,66313,118297
4/19/2016,98692,175546
4/20/2016,55365,102915
4/21/2016,136575,251974
4/22/2016,251509,417929
4/25/2016,120420,168162
4/26/2016,76852,161459
4/27/2016,139764,226873
4/28/2016,89704,188629
4/29/2016,112957,194087
5/2/2016,49989,103517
5/3/2016,53938,98037
5/4/2016,50807,88593
5/5/2016,51323,72744
5/6/2016,57679,123224
5/9/2016,58697,93708
5/10/2016,49207,91604
5/11/2016,66514,105699
5/12/2016,54966,87207
5/13/2016,67408,104989
5/16/2016,41988,76249
5/17/2016,75356,116920
5/18/2016,64833,108873
5/19/2016,48778,88589
5/20/2016,95445,172376
5/23/2016,41915,65417
5/24/2016,78672,155354
5/25/2016,59230,103238
5/26/2016,43137,81578
5/27/2016,82476,140197
5/31/2016,64391,114858
6/1/2016,33893,66639
6/2/2016,66109,115340
6/3/2016,60704,96155
6/6/2016,47006,84676
6/7/2016,33578,68445
6/8/2016,60434,114911
6/9/2016,34650,67200
6/10/2016,46796,92097
6/13/2016,47979,87237
6/14/2016,38343,78187
6/15/2016,37926,64507
6/16/2016,82953,149290
6/17/2016,140582,247892
6/20/2016,53522,112649
6/21/2016,48689,89588
6/22/2016,66119,113088
6/23/2016,67334,138016
6/24/2016,139733,276818
6/27/2016,96241,162335
6/28/2016,72097,117629
6/29/2016,62464,127634
6/30/2016,52322,100983
7/1/2016,75374,123418
7/5/2016,45892,83189
7/6/2016,54816,101054
7/7/2016,35902,63904
7/8/2016,73833,118946
7/11/2016,36675,72265
7/12/2016,52489,96845
7/13/2016,39817,74928
7/14/2016,32286,59886
7/15/2016,55214,106882
7/18/2016,70708,133888
7/19/2016,53911,94312
7/20/2016,40189,77356
7/21/2016,33136,65615
7/22/2016,57105,85540
7/25/2016,34588,57997
7/26/2016,35637,69375
7/27/2016,85903,130908
7/28/2016,126517,208303
7/29/2016,251474,346598
8/1/2016,117409,174604
8/2/2016,108575,153469
8/3/2016,50003,90301
8/4/2016,38731,72471
8/5/2016,75886,107104
8/8/2016,36494,79621
8/9/2016,50018,109519
8/10/2016,35259,66041
8/11/2016,32287,71341
8/12/2016,28926,64988
8/15/2016,26885,51174
8/16/2016,33856,70238
8/17/2016,56079,92025
8/18/2016,38853,72399
8/19/2016,40801,84699
8/22/2016,41516,64275
8/23/2016,30254,51664
8/24/2016,35822,72323
8/25/2016,42885,71739
8/26/2016,52443,95271
8/29/2016,26211,53036
8/30/2016,39860,84552
8/31/2016,23373,49253
9/1/2016,38029,76128
9/2/2016,85501,132284
9/6/2016,74538,123595
9/7/2016,36361,69782
9/8/2016,48685,103167
9/9/2016,87842,137753
9/12/2016,76774,117228
9/13/2016,69421,107894
9/14/2016,52463,80331
9/15/2016,80379,126325
9/16/2016,70689,130774
9/19/2016,34246,63629
9/20/2016,32844,63845
9/21/2016,48154,93378
9/22/2016,82795,131888
9/23/2016,60718,96636
9/26/2016,54072,104426
9/27/2016,37606,69862
9/28/2016,42901,71673
9/29/2016,46591,88929
9/30/2016,62044,110153
10/3/2016,44578,78342
10/4/2016,42795,84283
10/5/2016,32026,60331
10/6/2016,37721,58377
10/7/2016,40029,72057
10/10/2016,59455,99192
10/11/2016,50190,95614
10/12/2016,27841,52181
10/13/2016,40038,75038
10/14/2016,39510,59121
10/17/2016,26893,46485
10/18/2016,79937,122818
10/19/2016,40626,75980
10/20/2016,35003,72127
10/21/2016,48635,92396
10/24/2016,39705,83970
10/25/2016,40350,99029
10/26/2016,45926,106507
10/27/2016,66107,147507
10/28/2016,122985,265064
10/31/2016,68690,123306
11/1/2016,83899,168203
11/2/2016,61559,127120
11/3/2016,65834,112435
11/4/2016,66699,121094
11/7/2016,44242,93814
11/8/2016,54566,103311
11/9/2016,97449,168688
11/10/2016,152663,310265
11/11/2016,86033,184350
11/14/2016,84076,178004
11/15/2016,75650,169158
11/16/2016,54614,105335
11/17/2016,40356,94272
11/18/2016,74262,130859
11/21/2016,70181,116465
11/22/2016,39054,81694
11/23/2016,54964,88862
11/25/2016,29859,48970
11/28/2016,92414,146782
11/29/2016,46892,84266
11/30/2016,66785,137431
12/1/2016,90871,188922
12/2/2016,48501,114631
12/5/2016,55284,105141
12/6/2016,47466,97380
12/7/2016,42509,102192
12/8/2016,52185,110445
12/9/2016,81009,136415
12/12/2016,47680,83154
12/13/2016,72246,140650
12/14/2016,62663,107381
12/15/2016,50958,93329
12/16/2016,57235,95557
12/19/2016,43048,79870
12/20/2016,23263,45889
12/21/2016,34048,66234
12/22/2016,39028,66426
12/23/2016,20463,32059
12/27/2016,30710,52371
12/28/2016,39259,65894
12/29/2016,29098,59644
12/30/2016,79454,110552
1/3/2017,53175,98171
1/4/2017,39054,67538
1/5/2017,36264,70094
1/6/2017,66250,131840
1/9/2017,32098,63179
1/10/2017,26932,48391
1/11/2017,32299,57966
1/12/2017,29816,52078
1/13/2017,25304,51925
1/17/2017,28075,54029
1/18/2017,21289,34906
1/19/2017,36548,55357
1/20/2017,48091,72432
1/23/2017,66033,117938
1/24/2017,37683,72048
1/25/2017,36790,92377
1/26/2017,80613,163246
1/27/2017,155278,242602
1/30/2017,121109,242401
1/31/2017,77274,143262
2/1/2017,62003,129827
2/2/2017,47532,92058
2/3/2017,60828,106027
2/6/2017,44079,85004
2/7/2017,48012,96412
2/8/2017,48371,83640
2/9/2017,50824,85484
2/10/2017,66228,112709
2/13/2017,37946,76636
2/14/2017,33360,64336
2/15/2017,51154,107104
2/16/2017,35334,67999
2/17/2017,77112,111692
2/21/2017,33847,74679
2/22/2017,52786,102561
2/23/2017,48578,93991
2/24/2017,63357,118671
2/27/2017,38432,71996
2/28/2017,42960,77209
3/1/2017,51209,108569
3/2/2017,49517,85055
3/3/2017,51293,84035
3/6/2017,34221,62404
3/7/2017,38575,77391
3/8/2017,39203,75186
3/9/2017,42633,102645
3/10/2017,53557,98278
3/13/2017,25533,54728
3/14/2017,40041,65544
3/15/2017,50666,86735
3/16/2017,53330,86344
3/17/2017,52880,70433
3/20/2017,43397,81086
3/21/2017,86168,174985
3/22/2017,64648,110580
3/23/2017,109101,210510
3/24/2017,80723,156182
3/27/2017,69977,125074
3/28/2017,62087,120312
3/29/2017,52101,89125
3/30/2017,34060,69523
3/31/2017,46545,80320
4/3/2017,64287,112922
4/4/2017,37236,72642
4/5/2017,61479,126044
4/6/2017,49418,97402
4/7/2017,40606,80416
4/10/2017,28442,49618
4/11/2017,34549,72840
4/12/2017,25309,55967
4/13/2017,57345,86879
4/17/2017,40377,78027
4/18/2017,39335,62538
4/19/2017,44239,88279
4/20/2017,52765,91175
4/21/2017,44216,85275
4/24/2017,38862,89959
4/25/2017,58596,109706
4/26/2017,36593,76595
4/27/2017,54445,133906
4/28/2017,181639,253218
5/1/2017,64179,112808
5/2/2017,68698,120467
5/3/2017,59777,98038
5/4/2017,63748,82513
5/5/2017,52520,89332
5/8/2017,58858,93444
5/9/2017,53454,91669
5/10/2017,32388,53883
5/11/2017,28233,50924
5/12/2017,28421,59641
5/15/2017,31164,66376
5/16/2017,18975,38159
5/17/2017,56246,114351
5/18/2017,38228,85742
5/19/2017,29792,68138
5/22/2017,27733,53757
5/23/2017,44761,85575
5/24/2017,27240,46313
5/25/2017,55629,101748
5/26/2017,49885,91915
5/30/2017,32483,58229
5/31/2017,44180,81235
6/1/2017,29467,68800
6/2/2017,47699,107673
6/5/2017,40754,75994
6/6/2017,33469,69569
6/7/2017,30722,80729
6/8/2017,31702,72811
6/9/2017,102297,245884
6/12/2017,118981,216223
6/13/2017,52209,116312
6/14/2017,63607,100328
6/15/2017,71579,153616
6/16/2017,63356,113748
6/19/2017,52288,104593
6/20/2017,36318,77502
6/21/2017,37112,69611
6/22/2017,25620,56374
6/23/2017,40127,73905
6/26/2017,41634,84812
6/27/2017,74234,146492
6/28/2017,74514,130657
6/29/2017,88382,186546
6/30/2017,64172,113165
7/3/2017,41098,79648
7/5/2017,48567,104813
7/6/2017,58382,94974
7/7/2017,47100,97358
7/10/2017,45552,79906
7/11/2017,43994,85091
7/12/2017,55066,115170
7/13/2017,55550,116956
7/14/2017,38528,70713
7/17/2017,37443,72168
7/18/2017,35959,72950
7/19/2017,37764,70584
7/20/2017,43575,76561
7/21/2017,61309,100198
7/24/2017,90733,186736
7/25/2017,153093,308160
7/26/2017,55811,112330
7/27/2017,100135,189367
7/28/2017,52633,108692
7/31/2017,62866,129904
8/1/2017,33475,64389
8/2/2017,65126,119965
8/3/2017,33335,66547
8/4/2017,36617,64181
8/7/2017,41458,62455
8/8/2017,34818,64520
8/9/2017,32409,65694
8/10/2017,56312,124424
8/11/2017,42052,81125
8/14/2017,27096,55604
8/15/2017,26809,46099
8/16/2017,35579,65098
8/17/2017,53108,87845
8/18/2017,40004,73758
8/21/2017,24941,57901
8/22/2017,49195,91769
8/23/2017,34426,68381
8/24/2017,33159,63559
8/25/2017,30499,59208
8/28/2017,25123,48589
8/29/2017,34625,72232
8/30/2017,30070,60077
8/31/2017,46457,81894
9/1/2017,31624,59292
9/5/2017,44976,74270
9/6/2017,36960,63600
9/7/2017,30157,67796
9/8/2017,34367,59963
9/11/2017,35551,69891
9/12/2017,31046,59597
9/13/2017,23706,57661
9/14/2017,28510,59600
9/15/2017,42377,80215
9/18/2017,28799,59178
9/19/2017,30649,61110
9/20/2017,45152,102835
9/21/2017,31895,68428
9/22/2017,32187,65711
9/25/2017,40823,81744
9/26/2017,35055,77153
9/27/2017,51949,134509
9/28/2017,40213,74032
9/29/2017,50033,95803
10/2/2017,44076,78149
10/3/2017,34853,56894
10/4/2017,32463,52599
10/5/2017,40048,85810
10/6/2017,36077,74645
10/9/2017,20869,38967
10/10/2017,27118,51341
10/11/2017,39935,75238
10/12/2017,45454,71469
10/13/2017,41565,89607
10/16/2017,24889,54940
10/17/2017,23383,43582
10/18/2017,33435,67335
10/19/2017,32892,94121
10/20/2017,33297,92836
10/23/2017,29594,64356
10/24/2017,25479,55248
10/25/2017,26385,58752
10/26/2017,42292,85466
10/27/2017,109377,245703
10/30/2017,51034,86442
10/31/2017,38013,63608
11/1/2017,54577,98023
11/2/2017,28671,52229
11/3/2017,42148,80521
11/6/2017,24094,40458
11/7/2017,27304,42891
11/8/2017,27475,57123
11/9/2017,39866,81579
11/10/2017,25049,48466
11/13/2017,23897,42736
11/14/2017,18317,39928
11/15/2017,19370,37201
11/16/2017,27398,53286
11/17/2017,23084,54049
11/20/2017,17550,37056
11/21/2017,25725,43459
11/22/2017,17306,32865
11/24/2017,28724,44291
11/27/2017,39490,64245
11/28/2017,40671,66954
11/29/2017,52409,97912
11/30/2017,39177,93361
12/1/2017,37563,78999
12/4/2017,35713,76536
12/5/2017,38616,83030
12/6/2017,23102,56953
12/7/2017,25746,56311
12/8/2017,25906,65817
12/11/2017,19492,43194
12/12/2017,38545,81175
12/13/2017,24970,61591
12/14/2017,28214,63677
12/15/2017,68232,119379
12/18/2017,26594,66082
12/19/2017,32614,60955
12/20/2017,25939,56669
12/21/2017,26492,62215
12/22/2017,12736,36852
12/26/2017,13147,29543
12/27/2017,19435,44067
12/28/2017,22354,48650
12/29/2017,20854,45399
1/2/2018,39051,88513
1/3/2018,31422,75761
1/4/2018,27433,55696
1/5/2018,36692,83149
1/8/2018,20697,47705
1/9/2018,30190,57721
1/10/2018,25837,52210
1/11/2018,24178,47844
1/12/2018,60723,116198
1/16/2018,45544,93845
1/17/2018,33312,67355
1/18/2018,29830,70973
1/19/2018,26011,61247
1/22/2018,36680,65766
1/23/2018,28885,66476
1/24/2018,35099,84644
1/25/2018,24834,58715
1/26/2018,44300,103974
1/29/2018,33861,66812
1/30/2018,32170,79723
1/31/2018,29460,66559
2/1/2018,63437,142673
2/2/2018,146837,277676
2/5/2018,90452,186135
2/6/2018,88209,191256
2/7/2018,52549,103361
2/8/2018,88788,156936
2/9/2018,190039,303074
2/12/2018,75374,125458
2/13/2018,52934,82950
2/14/2018,61539,105138
2/15/2018,63634,104304
2/16/2018,79694,129861
2/20/2018,52869,89274
2/21/2018,63622,108770
2/22/2018,54743,88665
2/23/2018,58420,92512
2/26/2018,46695,80157
2/27/2018,78668,152233
2/28/2018,84532,142200
3/1/2018,125966,217109
3/2/2018,107260,186159
3/5/2018,48176,78854
3/6/2018,42165,65272
3/7/2018,44076,73463
3/8/2018,79579,127250
3/9/2018,118195,168835
3/12/2018,89519,149868
3/13/2018,94278,169315
3/14/2018,86896,131251
3/15/2018,79314,126782
3/16/2018,92352,148258
3/19/2018,132260,204182
3/20/2018,95413,175615
3/21/2018,83847,139273
3/22/2018,137027,222176
3/23/2018,126168,191543
3/26/2018,100166,174240
3/27/2018,119478,194840
3/28/2018,176703,299235
3/29/2018,139381,234931
4/2/2018,139416,193148
4/3/2018,77219,117056
4/4/2018,77637,147847
4/5/2018,78186,117167
4/6/2018,91197,117751
4/9/2018,87648,118573
4/10/2018,74281,121579
4/11/2018,49568,92332
4/12/2018,45051,83603
4/13/2018,56381,94085
4/16/2018,43460,85206
4/17/2018,70112,126514
4/18/2018,52465,95064
4/19/2018,81047,137407
4/20/2018,97697,153574
4/23/2018,122862,207773
4/24/2018,215498,371509
4/25/2018,136130,224748
4/26/2018,88877,149098
4/27/2018,80897,149522
4/30/2018,51884,85172
5/1/2018,79401,117797
5/2/2018,71370,109997
5/3/2018,97571,168279
5/4/2018,74818,139697
5/7/2018,83877,140916
5/8/2018,66873,106712
5/9/2018,97581,176381
5/10/2018,77320,126739
5/11/2018,63320,104897
5/14/2018,90634,124766
5/15/2018,87051,122923
5/16/2018,54497,86993
5/17/2018,48889,81461
5/18/2018,62866,103636
5/21/2018,52659,88733
5/22/2018,31761,50214
5/23/2018,44929,69853
5/24/2018,31594,50433
5/25/2018,28768,50613
5/29/2018,51667,101063
5/30/2018,37325,78018
5/31/2018,141959,241624
6/1/2018,223627,326511
6/4/2018,116504,158356
6/5/2018,67795,102336
6/6/2018,68733,103206
6/7/2018,75930,115447
6/8/2018,64412,102523
6/11/2018,55836,84590
6/12/2018,34260,65493
6/13/2018,70235,106549
6/14/2018,93902,136843
6/15/2018,58949,97749
6/18/2018,53287,96807
6/19/2018,72559,168213
6/20/2018,79869,164693
6/21/2018,70544,133963
6/22/2018,40948,88484
6/25/2018,73349,160357
6/26/2018,44493,92625
6/27/2018,51642,110462
6/28/2018,46072,102838
6/29/2018,41402,79155
7/2/2018,29629,54686
7/3/2018,19386,39586
7/5/2018,33263,67458
7/6/2018,30004,63914
7/9/2018,29310,64049
7/10/2018,23344,45684
7/11/2018,39923,75830
7/12/2018,50214,109727
7/13/2018,44442,89925
7/16/2018,26995,58607
7/17/2018,72482,130503
7/18/2018,79076,121838
7/19/2018,49015,99166
7/20/2018,74725,124918
7/23/2018,55996,137666
7/24/2018,128537,271255
7/25/2018,61912,124005
7/26/2018,75579,160377
7/27/2018,85099,168938
7/30/2018,59906,128836
7/31/2018,46661,91105
8/1/2018,46696,95962
8/2/2018,59185,116655
8/3/2018,32733,61962
8/6/2018,21843,45442
8/7/2018,58949,125267
8/8/2018,41569,93575
8/9/2018,31888,69298
8/10/2018,41186,83962
8/13/2018,38704,85138
8/14/2018,33366,67439
8/15/2018,55219,101315
8/16/2018,52804,101484
8/17/2018,44622,126608
8/20/2018,34632,67451
8/21/2018,46556,81222
8/22/2018,32548,61653
8/23/2018,45628,86540
8/24/2018,40695,97794
8/27/2018,50984,96178
8/28/2018,43074,92128
8/29/2018,59601,127039
8/30/2018,41951,94051
8/31/2018,61580,145477
9/4/2018,75038,160430
9/5/2018,82882,163314
9/6/2018,59949,137204
9/7/2018,64152,120303
9/10/2018,36635,75682
9/11/2018,43983,83183
9/12/2018,48690,101592
9/13/2018,58827,130103
9/14/2018,38010,70242
9/17/2018,44427,93108
9/18/2018,35625,67025
9/19/2018,43977,77045
9/20/2018,44041,84026
9/21/2018,83634,140422
9/24/2018,35187,73212
9/25/2018,47010,91081
9/26/2018,39192,81527
9/27/2018,68022,114812
9/28/2018,60357,102400
10/1/2018,54774,96375
10/2/2018,44526,102485
10/3/2018,38108,91153
10/4/2018,65929,149241
10/5/2018,41345,83306
10/8/2018,52539,105835
10/9/2018,41451,81617
10/10/2018,68979,136923
10/11/2018,90984,151975
10/12/2018,88518,144893
10/15/2018,45841,76161
10/16/2018,55842,98584
10/17/2018,43847,79033
10/18/2018,59282,107258
10/19/2018,57965,114820
10/22/2018,26455,49604
10/23/2018,43610,78945
10/24/2018,77084,118667
10/25/2018,110954,183063
10/26/2018,128110,222541
10/29/2018,91998,162275
10/30/2018,74552,142816
10/31/2018,101784,177302
11/1/2018,46280,89693
11/2/2018,56002,104338
11/5/2018,53933,106929
11/6/2018,37160,72473
11/7/2018,61675,108909
11/8/2018,45676,83629
11/9/2018,52675,92920
11/12/2018,47639,94342
11/13/2018,33253,62940
11/14/2018,51814,82115
11/15/2018,60814,107855
11/16/2018,60178,97168
11/19/2018,52899,98824
11/20/2018,72958,132438
11/21/2018,51197,83506
11/23/2018,16388,28048
11/26/2018,34066,60157
11/27/2018,38156,67865
11/28/2018,47717,106309
11/29/2018,38201,79685
11/30/2018,60828,114677
12/3/2018,65303,137289
12/4/2018,54427,89954
12/6/2018,62454,120143
12/7/2018,76718,124466
12/10/2018,65199,103768
12/11/2018,51244,93446
12/12/2018,46769,81808
12/13/2018,51107,82706
12/14/2018,52093,96650
12/17/2018,69633,134435
12/18/2018,69526,109672
12/19/2018,95661,154834
12/20/2018,109876,191986
12/21/2018,149670,245160
12/24/2018,63727,99344
12/26/2018,84237,132449
12/27/2018,75828,125303
12/28/2018,67982,111196
12/31/2018,60458,94670
1/2/2019,49465,86325
1/3/2019,71147,103236
1/4/2019,70630,131131
1/7/2019,52147,108718
1/8/2019,57550,90100
1/9/2019,45640,84961
1/10/2019,29490,57659
1/11/2019,43241,80221
1/14/2019,31922,62498
1/15/2019,37172,76888
1/16/2019,44232,85217
1/17/2019,36950,61245
1/18/2019,40501,77137
1/22/2019,45728,78679
1/23/2019,36302,57873
1/24/2019,36799,57988
1/25/2019,35918,55940
1/28/2019,36607,52083
1/29/2019,25225,47824
1/30/2019,48265,83053
1/31/2019,59374,93257
2/1/2019,51280,79961
2/4/2019,59230,118777
2/5/2019,83921,155100
2/6/2019,50133,89181
2/7/2019,44402,78040
2/8/2019,25748,47121
2/11/2019,20222,37391
2/12/2019,39708,88803
2/13/2019,32396,65681
2/14/2019,25652,46002
2/15/2019,30919,75178
2/19/2019,19508,35026
2/20/2019,31030,57049
2/21/2019,55685,102961
2/22/2019,29083,57265
2/25/2019,29832,57837
2/26/2019,26972,58622
2/27/2019,25541,45053
2/28/2019,30985,60510
3/1/2019,42565,81870
3/4/2019,41178,76639
3/5/2019,58347,98050
3/6/2019,36914,67015
3/7/2019,52851,83715
3/8/2019,34372,61303
3/11/2019,32414,63791
3/12/2019,65696,110594
3/13/2019,31985,62023
3/14/2019,39165,66279
3/15/2019,61969,104288
3/18/2019,25726,50651
3/19/2019,36385,71597
3/20/2019,82806,134642
3/21/2019,30487,63701
3/22/2019,55493,109430
3/25/2019,25923,58743
3/26/2019,43785,94529
3/27/2019,28854,58926
3/28/2019,22650,51978
3/29/2019,32693,67677
4/1/2019,37256,75822
4/2/2019,19371,43735
4/3/2019,37516,65046
4/4/2019,35504,57567
4/5/2019,35670,55423
4/8/2019,25006,50999
4/9/2019,28810,50375
4/10/2019,23336,41240
4/11/2019,27484,45770
4/12/2019,47619,81045
4/15/2019,38508,65280
4/16/2019,47260,85035
4/17/2019,41603,80588
4/18/2019,32737,56457
4/22/2019,27385,43768
4/23/2019,55754,86994
4/24/2019,23966,49602
4/25/2019,55195,88282
4/26/2019,54052,84317
4/29/2019,90764,148337
4/30/2019,218127,345465
5/1/2019,104323,179297
5/2/2019,67369,116454
5/3/2019,68379,135122
5/6/2019,37301,63163
5/7/2019,59081,90930
5/8/2019,31993,58559
5/9/2019,50307,68594
5/10/2019,60426,100943
5/13/2019,66484,96475
5/14/2019,82049,115663
5/15/2019,71954,128316
5/16/2019,53420,92067
5/17/2019,55032,89283
5/20/2019,62148,92896
5/21/2019,37948,60897
5/22/2019,21558,34316
5/23/2019,44319,72914
